ID,NOM,PRENOM,CODEPOSTAL,PAYS,AGE
61919,Barber,Mari,82323,India,20
65177,Young,Jelani,217975,Netherlands,55
89000,Pena,Cadman,878702,France,20
64480,Sherman,Galvin,58-254,Austria,75
55979,Dean,Gabriel,7544,Ukraine,8
54755,Richardson,Kenneth,721834,China,92
89092,Huffman,Helen,2974,Pakistan,38
42370,Mueller,Uta,99633-865,Chile,87
21433,Newman,Zane,7970,Brazil,94
14969,Hardy,Demetria,5272,United Kingdom,13
64672,Cline,Justine,17136-35851,Germany,68
39152,Roberson,Michael,838254,Ireland,78
20759,Silva,Kelly,2435,Ireland,8
47113,Juarez,Jaquelyn,56867,Vietnam,41
94677,Frederick,Acton,2773,Poland,31
93370,Hamilton,Idola,884229,Mexico,26
73778,Rivera,Victoria,36638,Turkey,21
10512,Moore,Haley,7575,Peru,15
56824,Vaughn,Colleen,3234,Spain,69
45949,Lyons,Giacomo,533158,New Zealand,87
24098,Huff,Ulric,9246,Turkey,41
83743,Reed,Leilani,76223,Ireland,30
43870,Hopkins,Allen,3738,Brazil,59
57686,Fletcher,Mannix,167322,Austria,86
57950,Hyde,Reagan,91114,India,45
32085,Valencia,Timon,42687,United States,63
5926,Elliott,Tashya,81514,Italy,63
6295,Snow,Geraldine,60066,Sweden,83
55247,Dejesus,Emerson,2828,Ireland,52
83159,Ball,Maxwell,33821,Indonesia,93
34232,Russo,Odysseus,53-508,Philippines,12
90045,Richardson,Jamalia,32-28,Pakistan,92
87880,Guerra,Aline,727746,Australia,6
26954,Prince,Reece,2633,Netherlands,85
26522,English,Kevin,151765,Norway,66
27297,Rosa,Jenna,6833,United States,84
37468,Hobbs,Davis,89125,New Zealand,80
22992,Howard,Kim,0023,Chile,62
58554,Montgomery,Leo,68915,Australia,35
80252,Herman,Jerome,4281,China,96
69051,Fitzpatrick,Sybil,66905,Germany,32
82476,Snyder,Melinda,51843,Mexico,23
42053,Mcfadden,Julian,GQ9 2RT,Russian Federation,79
39137,Berger,Meghan,8868,France,12
14063,Cote,Quyn,30142-46573,Colombia,77
96178,Hurley,Cheryl,2636,Australia,68
29349,Flores,Yardley,00384,South Korea,94
49045,Doyle,Claire,6178,Indonesia,97
80402,Hogan,Liberty,58662-238,Mexico,51
66631,Rhodes,Yasir,5627,Norway,38
43152,Harrington,Perry,47-824,Belgium,91
52183,Rivera,Dolan,3156,Indonesia,82
17831,Durham,Genevieve,88345,New Zealand,3
77228,Vang,Maris,233167,Canada,32
95463,Robinson,Carol,30900,New Zealand,41
86881,Maynard,Alec,117215,United States,24
95666,Osborne,Oprah,OG8E 0XV,India,66
87133,Rocha,Luke,80155,India,22
45709,Douglas,Lyle,5864,Chile,65
7508,Bryan,Carter,164131,Vietnam,70
29093,Albert,Hu,92584-513,Germany,10
11802,Mcleod,Tatyana,08315,Pakistan,70
46038,Kelley,Avye,618364,Ukraine,86
80130,Booth,Ryder,52-75,India,66
45113,Cohen,Cyrus,61718,China,35
57970,Avery,Kyle,38810682,Brazil,58
72791,Meyer,Kennan,610314,Pakistan,46
99642,Solis,Malcolm,5488 DY,India,4
45869,Nielsen,Addison,561455,New Zealand,20
7611,Durham,Lars,58107,Brazil,71
75527,Copeland,Karyn,32656-25332,Canada,91
23123,Owens,Ivan,857147,Netherlands,49
44935,Tate,Illiana,278395,United States,62
59010,Norton,Hollee,85476,Poland,83
95319,Chambers,Harper,30215,Vietnam,22
33338,Morse,Denton,43131,Singapore,25
18178,Sargent,Andrew,455588,United States,18
34557,Stout,Ursula,73494,Russian Federation,19
18384,Mcgee,Xandra,1167,Colombia,93
41561,Ross,Fuller,65-22,Canada,10
82126,Molina,Gay,6755,Spain,78
27247,Giles,Avye,4509 EY,Poland,67
90038,Tran,Jordan,913797,Ukraine,53
21020,Puckett,Gemma,03968,Vietnam,69
65641,Houston,Jolene,61874,Canada,50
89393,Dean,Hayfa,F4E 7OT,Brazil,28
58758,Bradley,Wayne,836262,New Zealand,25
9403,Brown,Talon,33661,Singapore,73
75361,Byrd,Janna,18524,Pakistan,38
75388,Colon,Adele,29056,Pakistan,77
15381,Mitchell,Hamilton,H8 3UA,Austria,80
70015,Buckner,Emily,971778,United States,30
13624,Newton,India,43-36,Ireland,2
96351,Stark,Tana,23001,Peru,34
62141,Porter,Nell,878473,Ukraine,87
87649,Bates,Jin,784391,Austria,92
43619,Vega,Nicholas,7786-2218,United States,48
75770,Gilliam,Walter,54181,Colombia,90
21111,Ramirez,Abbot,8746,Australia,87
62994,Roman,Hyatt,3136-6232,Pakistan,80
57139,Carter,Riley,393683,Netherlands,89
40220,Berger,Alisa,12701,India,56
81144,Berry,Jennifer,1538,New Zealand,45
7844,Crane,Desiree,97603,Chile,6
60291,Dawson,Rae,287375,Australia,31
93607,Wilson,Bradley,96663,Peru,34
10611,Soto,Jason,7527,Germany,85
5113,Barry,Graiden,828748,Indonesia,27
53531,Jennings,Lucius,48-55,Australia,83
34265,Hensley,Walker,9248,United Kingdom,69
80027,Blackwell,Dieter,32277,Poland,78
82160,Church,Madison,9736,Ireland,74
96185,Clements,Ulla,7177,Philippines,30
77364,Campos,Clio,0680,Costa Rica,35
80398,Stokes,Mary,25713,United States,31
89950,Montoya,Brielle,7886,Mexico,12
77041,Vaughan,Kasper,2841 QU,South Korea,3
64409,Hancock,Gil,581613,India,49
70293,Parker,Ima,2553,China,59
54423,Mcintosh,Serina,8987-6537,Costa Rica,96
77267,Garcia,Zeph,5765,Chile,11
51807,Luna,Lee,3508,Australia,45
22527,Crane,Marvin,44-97,Sweden,68
44964,Spencer,Ray,1763 SW,Austria,61
67980,Swanson,Tanisha,64278,Vietnam,39
17456,Curtis,Alea,74978,Germany,99
51928,Howell,Darius,2859 RT,Colombia,72
88664,Dennis,Jermaine,131713,United Kingdom,57
95279,Moran,Jerome,25168,Pakistan,57
13017,Ballard,Hanna,36238,New Zealand,38
50510,Manning,Kellie,91147,China,49
50970,Nichols,Dorian,0941 YI,Chile,38
62277,Meyers,Lilah,1336 GX,Austria,79
7834,Reyes,Channing,537435,Australia,44
97868,James,Cyrus,238584,France,4
38704,Mclaughlin,Drew,848589,Colombia,11
11049,Ayers,James,5551,Indonesia,53
83641,Foster,Melyssa,A5K 8Y1,New Zealand,15
80774,Christian,Montana,241456,Australia,91
86333,Jenkins,Ezekiel,208166,Poland,18
93789,Guy,Ann,230758,Pakistan,22
93831,Travis,Clark,6815,Singapore,13
63678,Stephenson,Jackson,506080,Turkey,54
19825,Beck,Jordan,8214,Austria,40
77824,Nieves,Rylee,0323 JW,India,97
33212,Ingram,Allen,637488,South Korea,46
69154,Dunn,Mariam,41309,Colombia,46
28659,Wilkerson,Paloma,534251,Poland,41
68420,Bernard,Orlando,515014,Sweden,51
11705,Nielsen,Nissim,25434,Ireland,16
31517,Cooley,Kenneth,444196,South Africa,76
53641,Roth,Ruth,958283,Sweden,12
8113,Petersen,Jason,764256,Vietnam,5
79817,Stephens,Jason,76333,Nigeria,64
87025,Mcdowell,Simon,541754,France,61
71890,Nguyen,Herrod,356561,Belgium,98
36905,Lynch,April,21310,Turkey,14
82924,Sears,Rhiannon,26707,Belgium,88
55840,Wright,Hashim,6304,Chile,45
99135,O'brien,Leroy,374567,Philippines,71
31145,Buck,Leroy,253528,Germany,13
48146,Cannon,Autumn,346311,Colombia,59
93628,Riley,Nicholas,14537,Netherlands,66
20859,Love,Damon,18878,Ukraine,70
65349,Shields,Dale,2558,Canada,41
71819,Vaughn,Raphael,848552,Peru,1
73868,Newton,Aretha,339528,Peru,92
60761,Patrick,Gisela,827162,Australia,64
83725,Underwood,Megan,749261,Spain,46
73306,Riddle,Pandora,636536,Philippines,6
89508,Hull,Callum,32477,Australia,1
8642,Mckenzie,Peter,438813,Germany,24
34963,Fletcher,Darius,55-26,Norway,7
6319,Meyers,Kiona,22645,Chile,32
23567,Foley,Tatum,7238 HF,Indonesia,19
63674,Ruiz,Carter,48357,France,56
74165,Mejia,Sasha,484676,South Africa,88
45483,Knowles,Wing,151823,Russian Federation,53
35417,Weeks,Emery,08482-06678,Brazil,8
47533,Whitney,Kirsten,07613,Ireland,69
52215,Livingston,Illana,49745,Ireland,20
52599,Bell,Carter,4172 JP,New Zealand,92
34062,Cain,Urielle,48163,Mexico,46
40226,Vazquez,Tatiana,19811,Peru,12
26440,Bender,Keelie,42601,Belgium,92
92714,Gross,Eaton,21693,Indonesia,69
84804,Leon,Iris,715642,Mexico,9
25313,Coleman,Davis,35-413,India,42
5631,Barker,Hakeem,44186,Singapore,35
55336,Gibbs,Stone,46044-85267,Russian Federation,95
92627,Reyes,Ifeoma,48749-47336,Singapore,72
89812,Pierce,Zia,828277,Belgium,22
27951,Gamble,Yvette,8589,Singapore,29
27167,Williamson,Mary,113684,Indonesia,5
41221,Welch,Yeo,698176,Philippines,62
45846,Ballard,Jared,25723,Ireland,85
56863,Clark,Amy,17696,Peru,62
67367,Bowers,Mark,810386,Norway,37
32456,Daugherty,Hannah,266963,United States,57
60526,Gilbert,Claire,341578,South Korea,22
80444,Fowler,Paki,215958,Brazil,57
11266,Moody,Rowan,89-38,Chile,38
97149,Snider,Keegan,21501,Costa Rica,15
79887,Lee,Stephanie,566215,Austria,10
30268,Hall,Walker,7888,Singapore,12
61293,Walters,Orla,6438-0591,Nigeria,56
33467,Leblanc,Juliet,1788 HU,Chile,34
81751,Lang,Harper,F0 4IU,Russian Federation,35
92734,Conley,Giacomo,62381,Australia,51
85141,Herrera,Althea,3145,Costa Rica,45
79672,Schultz,Zoe,5284,Costa Rica,3
88973,Manning,Blythe,23811,Poland,14
11776,Hobbs,Olympia,1407,Canada,82
7045,Mercer,Mikayla,7230,Ukraine,37
59394,Browning,Edward,578734,Vietnam,64
42100,Christian,Lesley,04828,Australia,7
23510,Jarvis,Imogene,46842,Spain,46
54137,Goodman,Murphy,07488,Singapore,54
18754,Cochran,Eric,6162,Sweden,26
45267,Brooks,Riley,21435,Philippines,34
78769,Carpenter,Danielle,38-24,Belgium,38
51648,Potter,Sasha,366911,South Korea,42
19940,Robinson,Alexis,601634,Australia,54
79101,Frye,Nayda,6984,New Zealand,8
17007,Hanson,Jaime,7849,Australia,64
86076,Howell,Cameran,436527,Nigeria,64
32039,Ewing,Brennan,25443,Austria,39
6979,Chapman,Cameran,765744,New Zealand,61
19461,Stout,Carolyn,38268-40412,United Kingdom,21
9146,Fuentes,Christen,14921-55374,Pakistan,68
32887,Le,William,21-58,Austria,85
99463,Powell,Brady,7223,Netherlands,10
54290,Valencia,Kirestin,4196,Indonesia,68
85474,Sharpe,Grady,51-24,Sweden,41
7867,Christian,Emi,7968,Costa Rica,79
69323,Gaines,Paula,92167,Austria,33
26231,Christensen,Allistair,43232-66676,China,49
13855,Garza,Ivana,8147,France,16
50394,Garza,Colette,3172,Vietnam,0
86581,Norman,Isadora,V6 9BG,Austria,76
98163,Marsh,Raven,45305,Nigeria,74
99422,Stokes,Ora,762242,India,25
35279,Baker,Patricia,04343,Australia,91
88343,Rios,Edan,97812,Norway,1
95113,Gallagher,Nicholas,434699,Poland,52
76354,Woods,William,5823,Italy,49
60950,Russell,Kennedy,62143,India,25
10228,Adams,Keegan,5702,Nigeria,57
16111,Ware,Wynne,154817,Spain,55
50245,Henderson,Cain,00489,Ireland,44
56072,Glenn,Justina,7157,Poland,72
14569,Moon,Meredith,3314,Austria,68
72557,Gilliam,Lydia,3894,Sweden,70
98943,Leblanc,Connor,68080,Peru,51
61806,Lara,Mason,5844,Belgium,67
96193,Sullivan,Hadley,38183,United States,18
26331,Johnston,Ashely,38063,Spain,6
21498,Ballard,Emery,18214,Ireland,79
48909,Melton,Mariam,668894,Spain,73
75858,Snyder,Marah,542676,Belgium,50
98860,Carter,Chastity,Y4Y 3H5,India,8
82250,Fisher,Reed,764233,Mexico,84
83987,Burris,Macy,238294,Spain,63
91407,Byrd,Solomon,445913,Russian Federation,78
19332,Mcgee,Audra,13653,Belgium,63
15529,Giles,Joel,20-348,Belgium,44
77858,Adkins,Candace,444055,Germany,18
62896,Lindsey,Larissa,848883,Pakistan,75
76698,Walter,Byron,L8E 6Y5,Peru,59
25301,Washington,Porter,603431,Indonesia,86
94506,Ewing,Baker,15283,Indonesia,40
57988,Stone,Kane,73-18,Turkey,74
50256,Hurst,Abel,35162,Turkey,56
62311,Ramirez,Damian,8183-1626,New Zealand,37
45689,Hunter,Madaline,36794,Mexico,76
9897,Mcintyre,Chaim,8808,Russian Federation,88
49710,Kidd,Preston,61256,Poland,19
37880,Hudson,Colby,1460,Indonesia,24
70458,Mccormick,Tad,60-811,Netherlands,32
73771,Molina,Cyrus,GU8 7DK,Mexico,92
29496,Cleveland,Signe,T0K 7XO,Russian Federation,46
93208,Young,William,423365,Ireland,41
8418,Kirkland,Plato,62787,Mexico,87
22220,Snider,Carly,21474,Indonesia,45
40368,Moore,Zorita,88672-63483,Peru,76
58547,Stephenson,Martena,549254,Singapore,79
68318,Joyce,Mercedes,94-38,Norway,46
5890,Cox,Hiram,YH7H 3DU,Austria,97
65616,Kemp,Glenna,9426,Chile,87
89316,Cherry,Jasper,37121,Netherlands,18
27307,Wilkerson,Wang,11708,Turkey,71
47479,Oneil,Lester,M78 5HN,Vietnam,7
43294,Tran,Riley,536805,Singapore,29
28009,Mooney,Patrick,5288,Canada,33
93517,Elliott,Elaine,9515,Canada,80
72249,Hayes,Finn,23-28,Germany,81
56991,Brock,Myra,11156,Pakistan,12
95229,Burnett,Cara,8622,New Zealand,61
87262,Dominguez,Kelsie,38273,Brazil,55
11882,Elliott,Phyllis,27701,Indonesia,85
71342,Gibbs,Mufutau,9909 RX,Australia,22
35005,Huff,Eagan,4444 RB,Sweden,30
65147,Fletcher,Shelley,2738-6477,Ireland,69
59979,Cook,Quentin,42015,Spain,15
16807,Drake,Rinah,476416,Norway,56
69749,Morrison,Blaze,44892,Ukraine,38
23147,Mason,Isaac,L0 1BW,Spain,7
23072,Russell,Simon,432819,Pakistan,88
48175,Franks,Brody,3710,Colombia,82
70289,Sampson,Hiroko,641466,China,81
30710,Fisher,Avram,315857,New Zealand,56
54117,Bowman,Natalie,2632,Mexico,48
39801,Schneider,Ciaran,4566,Brazil,47
95993,Fernandez,Bruno,9852,South Africa,47
32200,Kennedy,Eaton,6593,Peru,51
88598,Russell,Glenna,9399,Turkey,65
33722,Brown,Dustin,2474,South Korea,55
81680,Sutton,Rama,XW3 7NF,Costa Rica,41
89376,Cannon,Irma,5653,Peru,18
11419,Mckee,Lucy,72658,Canada,94
93899,Weiss,Shannon,23082,Peru,26
73320,Cole,Daniel,6065,Australia,83
16758,Salas,Russell,3147,United States,10
16121,Mckenzie,Nita,A7L 8T0,Costa Rica,36
67955,Giles,Silas,506422,Belgium,12
84421,David,Chastity,511798,Singapore,75
7633,Rocha,India,128715,Italy,92
27577,Nunez,Tanisha,36840,Netherlands,24
24387,Booth,Dacey,24188,Germany,49
17769,Holden,Raja,78688,Australia,8
88896,Hardy,Nash,5744,Australia,41
19383,Knowles,Lillith,28822,Belgium,97
75642,Allison,Matthew,194598,India,99
77945,Newton,Phillip,77644,Pakistan,89
8090,Jones,Cailin,61261,Belgium,52
53236,Robles,Ross,56-32,Italy,19
82705,Fields,Noelle,17785,Colombia,21
43841,Fernandez,Deborah,846723,Costa Rica,54
46624,Spence,Aidan,28170,Colombia,98
93042,Hawkins,Jael,56506,Indonesia,99
75206,Dillard,Lucius,77369,Sweden,86
52237,Wall,Abel,45405,China,86
65677,Maddox,Kristen,153273,Russian Federation,94
17338,Morales,Carter,641556,Singapore,24
25256,Quinn,Cassandra,11151,Vietnam,5
68549,Douglas,Claire,B5E 4P1,South Korea,9
85530,Morgan,Geoffrey,218294,South Africa,56
7307,Sanchez,Victoria,7527,India,61
11018,Knight,Randall,31329,Netherlands,72
71914,Brennan,Astra,30447,Chile,88
81832,Flores,Mark,8028,Russian Federation,44
86081,Bishop,Buffy,2295-0854,India,23
10779,Roy,Avram,26822,Spain,66
9785,Rowe,Jin,274247,Chile,32
10542,Kennedy,Norman,56253-714,Pakistan,85
75794,Hunt,Adrienne,18484,South Korea,85
13028,Becker,Jeanette,538562,South Korea,38
35916,Kirkland,Liberty,24494,Sweden,7
33260,Franco,Bruno,1383,United States,94
34117,Lee,Sigourney,25271,Poland,100
55129,Taylor,May,54154,Philippines,2
9194,Sandoval,Leslie,521823,Belgium,30
85325,Cline,Alika,3358,South Korea,23
67731,Hoover,Hanae,6083-2658,Australia,54
11175,Fischer,Angela,85037,Norway,42
87014,Dennis,Sacha,53063,Spain,21
61664,Vaughn,Celeste,644069,Colombia,68
32393,Bruce,Cade,33941,Austria,11
99269,William,Kelly,JC6T 3AY,Chile,24
14081,Rodriquez,Dylan,626054,Italy,86
16463,Ayala,Brock,2438,Ukraine,40
99915,Watkins,Vera,23377,Italy,61
34409,Neal,Hiroko,20807,Italy,82
40780,Cooley,Lydia,g2N 7B4,Nigeria,57
12089,Pena,Colin,393776,Costa Rica,94
26136,Finch,Riley,20858,Ukraine,22
82198,Knowles,Ivan,297536,Turkey,83
8982,Strickland,Daryl,56117,Costa Rica,73
29666,Workman,Britanney,4356,Colombia,35
25451,Nixon,Sacha,71601,Norway,16
70539,Reid,Amal,35932,Germany,66
59843,Hopkins,Ian,337346,Poland,58
69572,English,Tucker,64-77,China,6
76653,Fulton,Justina,1612-3240,United States,60
45614,Hartman,Justine,33621,South Africa,2
5390,Avery,Halee,881448,Singapore,41
81336,Solomon,Brynn,616243,Brazil,35
83171,Bennett,Malachi,44-306,Mexico,55
6175,Wilder,Hop,19151,Ukraine,49
11949,Jensen,Cade,217568,Colombia,97
80984,Reeves,Blossom,3364 RH,South Africa,99
88825,Ortiz,Emma,60106-40687,Turkey,51
36654,Justice,Ora,584874,Chile,16
45440,Jacobs,Brynne,B6R 1C1,India,76
65903,Lester,Lacey,20546-25615,Singapore,72
50997,Hodge,Sylvia,12-33,Germany,60
8186,Russell,Victor,70827,China,15
32887,Salas,Hedley,32667,South Korea,11
90696,Singleton,Keaton,304426,Chile,82
68080,Carrillo,Matthew,35360,Austria,67
91173,Snyder,Margaret,49057,Brazil,42
60880,Webster,Gillian,4486,Costa Rica,41
68383,Barrett,Aristotle,S2V 3K4,Singapore,19
55155,Cline,Noble,7308,Peru,33
44298,Wood,Martena,0278,Pakistan,35
8751,Mack,Ariel,282659,Sweden,70
70246,Reid,Tatyana,4154,Australia,14
97977,Horn,Ivor,14-73,Belgium,69
96678,Stone,Wallace,878414,Ireland,96
58465,Henry,Joan,88488-46557,Nigeria,10
34900,Burks,Remedios,2421,Australia,41
72245,Pennington,Caldwell,04270,Spain,65
57157,Knowles,Patience,R5U 7YK,Chile,95
51480,Heath,Guy,23-28,Ukraine,97
22650,Mills,Quamar,67749-501,Turkey,31
85894,Stephens,Keelie,611403,France,30
21332,Head,Deacon,45325,Brazil,37
57377,Moses,Francis,824258,India,40
14171,Daniels,Xanthus,31568,South Africa,34
97020,Hurst,Octavius,24645,Russian Federation,13
29583,Kramer,Basil,58-42,France,2
7003,Golden,Alika,5774-8687,South Korea,12
6058,Goff,Maggy,B4B 5R5,United Kingdom,79
54551,Moses,Karina,14267,Chile,87
77100,Davenport,Brendan,61207,Austria,5
7889,Erickson,Ori,5453,South Africa,67
73584,Cervantes,McKenzie,65213-812,Vietnam,64
81753,Hester,Kennan,78-84,United Kingdom,85
64105,Stanton,Sean,7073,China,25
90414,Shaw,Halla,5161,Mexico,83
14826,Meadows,Karly,O13 5XI,Philippines,62
9261,Rich,Brady,823649,Peru,8
34145,Walton,Kirk,3587,Philippines,97
31568,Hess,Leroy,20648,Netherlands,20
5918,Nieves,Kylee,65928,Austria,24
87998,Deleon,Curran,951427,Brazil,5
26677,Hampton,Kuame,722944,Brazil,57
64029,Howell,Dylan,891646,Australia,82
17418,Beach,Yoshio,242384,Australia,99
99383,Lane,Cassidy,3314,Vietnam,9
62600,Ewing,Elijah,7162,Pakistan,84
55548,Strong,Preston,83286,Vietnam,11
9168,Mccray,Quinlan,9781-3182,Costa Rica,96
19161,Bridges,Jada,7653 QZ,Austria,46
91811,Marks,Shea,552019,Norway,21
66278,Wright,Remedios,47564,Germany,20
29860,Coffey,Sean,CQ8M 8JO,Philippines,41
45784,Johnson,Brynn,57727-32472,Philippines,30
94049,Cooley,Keith,24-330,Russian Federation,28
78605,Workman,Prescott,7521,France,29
14230,Beasley,Maile,A3K 0N3,Spain,39
38648,Dillon,Caleb,78-749,United Kingdom,74
88976,Herrera,Eugenia,S04 2WN,Ukraine,18
21792,Spencer,Brett,283343,Canada,88
38080,Pickett,Astra,7582,Germany,8
39663,Bond,Mira,7064,Mexico,79
9477,Gilbert,Sigourney,X4B 2C0,South Korea,51
65038,Cobb,Jaquelyn,84659-50416,Chile,78
28234,Carlson,Alexis,Y2 6VG,New Zealand,62
42268,Watts,Latifah,03447,Ukraine,36
95287,Mckay,Ivy,1614,Ireland,20
8573,Williams,Lane,58355,Ukraine,14
66528,Cruz,Laura,344839,New Zealand,49
98408,Crane,Samuel,3570,Austria,60
84025,Guerrero,Honorato,13179-951,Poland,64
69301,Jones,Jena,27853,Ireland,73
7581,Stein,Justine,6824,Peru,3
96830,Herring,Cairo,6118,United States,2
57935,Vasquez,Giselle,0766-2760,Germany,67
26338,Scott,Herman,04428,Germany,72
8582,Martinez,Jessica,7912,New Zealand,74
76836,Carpenter,Claudia,2769,United Kingdom,55
41280,Dixon,Steven,20203,Germany,5
82262,Kirby,Jaime,357342,Indonesia,76
51367,Tillman,Madeson,27652,Belgium,63
34384,Stanton,Joel,55637,Vietnam,49
81605,Hudson,Gemma,833472,Spain,74
95230,Hodges,Quinn,12-499,Brazil,87
31714,Talley,Ruth,27-68,Turkey,52
80140,Valentine,Uta,52-65,Netherlands,65
61973,Bowman,Raymond,5117,Turkey,3
55351,Soto,Ira,04125,Colombia,82
29047,Duran,Cheryl,7855,China,9
45567,Hurst,Madeline,91479,Netherlands,35
22807,Witt,Brenna,08638,Singapore,14
72247,Faulkner,Hector,999852,Netherlands,97
73741,Gilbert,Micah,119676,Netherlands,90
55154,Robertson,Aaron,26788-44044,France,62
6352,Williamson,Ivory,334500,Turkey,40
99717,Griffith,Kyla,35741,Mexico,75
38754,Flowers,Mariko,45099-710,Ukraine,65
99518,Bartlett,Maia,04856,Peru,8
48967,Velazquez,Fleur,85615,Netherlands,79
98471,Nichols,Dylan,AJ9B 8BD,Ukraine,19
42815,Holman,Rhiannon,596492,Spain,71
7623,Castillo,Lev,30302,Russian Federation,39
34960,Tyson,Christian,3184,Costa Rica,20
44587,Torres,Zorita,3666,Poland,91
91733,Peterson,Sierra,PN13 3HI,Indonesia,87
31264,Kelley,Nicole,18452-48886,France,17
